Source IP,Destination IP,Source Port,Destination Port,Timestamp,Tot Fwd Pkts,Tot Bwd Pkts,Flow Duration,Attack Type
198.51.100.23,203.0.113.8,34567,22,2025-10-30T09:00:00Z,200,190,4.1,SSH Brute Force
192.168.1.45,10.0.0.12,54321,80,2025-10-30T09:01:15Z,1500,1200,2.3,DDoS HTTP Flood
10.0.2.67,192.168.1.100,12345,443,2025-10-30T09:02:30Z,50,45,1.8,Benign
172.16.23.45,203.0.113.15,45678,22,2025-10-30T09:03:45Z,180,160,3.9,SSH Brute Force
198.51.100.67,10.0.1.25,33445,53,2025-10-30T09:04:20Z,25,20,0.8,DNS Amplification
192.168.2.100,172.16.45.67,56789,3389,2025-10-30T09:05:10Z,300,280,5.2,RDP Brute Force
10.0.3.12,198.51.100.89,23456,445,2025-10-30T09:06:25Z,120,110,2.1,SMB Exploit
203.0.113.34,192.168.1.50,34567,21,2025-10-30T09:07:40Z,250,230,4.5,FTP Brute Force
172.16.78.90,10.0.2.100,45678,1433,2025-10-30T09:08:55Z,400,380,6.7,SQL Injection
192.168.3.45,203.0.113.78,56789,5900,2025-10-30T09:09:30Z,280,260,4.8,VNC Exploit
198.51.100.12,10.0.1.67,23456,25,2025-10-30T09:10:45Z,90,85,1.9,Email Spam
10.0.4.23,192.168.2.89,34567,161,2025-10-30T09:11:20Z,35,30,1.2,SNMP Attack
172.16.34.56,203.0.113.45,45678,23,2025-10-30T09:12:35Z,220,200,4.2,Telnet Attack
192.168.4.67,10.0.3.12,56789,993,2025-10-30T09:13:50Z,75,70,1.5,IMAP Attack
203.0.113.89,198.51.100.34,67890,110,2025-10-30T09:14:15Z,85,80,1.7,POP3 Attack
198.51.100.56,172.16.12.34,78901,5432,2025-10-30T09:15:30Z,320,300,5.5,Database Attack
10.0.5.78,192.168.3.56,89012,8080,2025-10-30T09:16:45Z,1800,1500,3.2,Web Application Attack
192.168.5.89,203.0.113.67,90123,27017,2025-10-30T09:17:20Z,290,270,4.9,MongoDB Attack
172.16.45.67,10.0.4.78,12345,9200,2025-10-30T09:18:35Z,260,240,4.6,Elasticsearch Attack
203.0.113.12,198.51.100.78,23456,11211,2025-10-30T09:19:50Z,230,210,4.3,Memcached Attack
198.51.100.89,192.168.4.90,34567,5060,2025-10-30T09:20:15Z,110,100,2.2,SIP Attack
10.0.6.34,172.16.56.78,45678,514,2025-10-30T09:21:30Z,95,90,1.8,Syslog Attack
192.168.6.45,203.0.113.89,56789,389,2025-10-30T09:22:45Z,270,250,4.7,LDAP Attack
172.16.67.89,10.0.5.90,67890,636,2025-10-30T09:23:10Z,240,220,4.4,LDAPS Attack
203.0.113.56,198.51.100.90,78901,143,2025-10-30T09:24:25Z,80,75,1.6,IMAP Attack
198.51.100.34,192.168.5.12,89012,993,2025-10-30T09:25:40Z,70,65,1.4,IMAPS Attack
10.0.7.56,172.16.78.90,90123,587,2025-10-30T09:26:55Z,100,95,2.0,SMTP Attack
192.168.7.67,203.0.113.34,12345,465,2025-10-30T09:27:20Z,105,100,2.1,SMTPS Attack
172.16.89.12,10.0.6.34,23456,995,2025-10-30T09:28:35Z,88,83,1.7,POP3S Attack
203.0.113.78,198.51.100.56,34567,5222,2025-10-30T09:29:50Z,120,115,2.3,XMPP Attack
10.0.8.78,192.168.7.89,45678,1883,2025-10-30T09:30:15Z,130,125,2.4,MQTT Attack
192.168.8.90,203.0.113.90,56789,8883,2025-10-30T09:31:30Z,140,135,2.5,Secure MQTT Attack
172.16.90.12,10.0.7.90,67890,2375,2025-10-30T09:32:45Z,160,150,2.8,Docker API Attack
203.0.113.34,198.51.100.67,78901,2376,2025-10-30T09:33:10Z,155,145,2.7,Secure Docker API Attack
198.51.100.78,192.168.8.12,89012,5985,2025-10-30T09:34:25Z,170,160,3.0,WinRM Attack
10.0.9.12,172.16.12.34,90123,5986,2025-10-30T09:35:40Z,165,155,2.9,Secure WinRM Attack
192.168.9.34,203.0.113.12,12345,5432,2025-10-30T09:36:55Z,310,295,5.4,PostgreSQL Attack
172.16.12.45,10.0.8.34,23456,1521,2025-10-30T09:37:20Z,330,315,5.7,Oracle DB Attack
203.0.113.56,198.51.100.78,34567,3306,2025-10-30T09:38:35Z,340,325,5.8,MySQL Attack
198.51.100.89,192.168.9.56,45678,1433,2025-10-30T09:39:50Z,350,335,5.9,MSSQL Attack
10.0.10.56,172.16.23.45,56789,50000,2025-10-30T09:40:15Z,290,275,4.9,DB2 Attack
192.168.10.67,203.0.113.78,67890,6379,2025-10-30T09:41:30Z,280,265,4.8,Redis Attack
172.16.23.78,10.0.9.56,78901,27017,2025-10-30T09:42:45Z,300,285,5.1,MongoDB Attack
203.0.113.90,198.51.100.89,89012,9200,2025-10-30T09:43:10Z,260,245,4.6,Elasticsearch Attack
198.51.100.12,192.168.10.78,90123,11211,2025-10-30T09:44:25Z,240,225,4.3,Memcached Attack
10.0.11.78,172.16.34.56,12345,2638,2025-10-30T09:45:40Z,220,205,4.0,Sybase Attack
192.168.11.89,203.0.113.34,23456,2424,2025-10-30T09:46:55Z,210,195,3.8,OrientDB Attack
172.16.34.90,10.0.10.78,34567,7474,2025-10-30T09:47:20Z,200,185,3.6,Neo4j Attack
203.0.113.56,198.51.100.12,45678,2480,2025-10-30T09:48:35Z,190,175,3.4,Informix Attack
198.51.100.78,192.168.11.90,56789,5000,2025-10-30T09:49:50Z,180,165,3.2,UPnP Attack
10.0.12.90,172.16.45.67,67890,5353,2025-10-30T09:50:15Z,170,155,3.0,MDNS Attack
192.168.12.12,203.0.113.78,78901,1900,2025-10-30T09:51:30Z,160,145,2.8,SSDP Attack
172.16.45.89,10.0.11.90,89012,49152,2025-10-30T09:52:45Z,150,135,2.6,UPnP SOAP Attack
203.0.113.90,198.51.100.34,90123,9999,2025-10-30T09:53:10Z,140,125,2.4,JDWP Attack
198.51.100.45,192.168.12.34,12345,8787,2025-10-30T09:54:25Z,130,115,2.2,Jenkins Attack
10.0.13.34,172.16.56.78,23456,8081,2025-10-30T09:55:40Z,120,105,2.0,HTTP Proxy Attack
192.168.13.56,203.0.113.12,34567,3128,2025-10-30T09:56:55Z,110,95,1.8,Squid Proxy Attack
172.16.56.90,10.0.12.34,45678,8088,2025-10-30T09:57:20Z,100,85,1.6,HTTP Alt Attack
203.0.113.34,198.51.100.56,56789,8443,2025-10-30T09:58:35Z,90,75,1.4,HTTPS Alt Attack
198.51.100.67,192.168.13.78,67890,9443,2025-10-30T09:59:50Z,80,65,1.2,HTTPS Alt2 Attack
10.0.14.78,172.16.67.89,78901,4848,2025-10-30T10:00:15Z,70,55,1.0,GlassFish Attack
192.168.14.90,203.0.113.78,89012,4840,2025-10-30T10:01:30Z,60,45,0.8,GlassFish Admin Attack
172.16.67.12,10.0.13.78,90123,8089,2025-10-30T10:02:45Z,50,35,0.6,Splunk Attack
203.0.113.90,198.51.100.78,12345,8090,2025-10-30T10:03:10Z,40,25,0.4,HTTP Alt3 Attack
198.51.100.89,192.168.14.12,23456,8091,2025-10-30T10:04:25Z,30,15,0.2,HTTP Alt4 Attack
10.0.15.12,172.16.78.90,34567,50070,2025-10-30T10:05:40Z,320,305,5.6,HDFS Attack
192.168.15.34,203.0.113.34,45678,50075,2025-10-30T10:06:55Z,330,315,5.7,HDFS DataNode Attack
172.16.78.12,10.0.14.34,56789,8020,2025-10-30T10:07:20Z,340,325,5.8,HBase Attack
203.0.113.56,198.51.100.89,67890,8030,2025-10-30T10:08:35Z,350,335,5.9,YARN Attack
198.51.100.12,192.168.15.56,78901,8040,2025-10-30T10:09:50Z,360,345,6.0,YARN NodeManager Attack
10.0.16.56,172.16.89.12,89012,8050,2025-10-30T10:10:15Z,370,355,6.1,YARN ResourceManager Attack
192.168.16.67,203.0.113.78,90123,8060,2025-10-30T10:11:30Z,380,365,6.2,YARN WebApp Attack
172.16.89.34,10.0.15.56,12345,8070,2025-10-30T10:12:45Z,390,375,6.3,YARN WebApp SSL Attack
203.0.113.90,198.51.100.34,23456,8080,2025-10-30T10:13:10Z,400,385,6.4,Tomcat Attack
198.51.100.45,192.168.16.78,34567,8081,2025-10-30T10:14:25Z,410,395,6.5,Tomcat SSL Attack
10.0.17.78,172.16.90.12,45678,8082,2025-10-30T10:15:40Z,420,405,6.6,Tomcat AJP Attack
192.168.17.89,203.0.113.12,56789,8083,2025-10-30T10:16:55Z,430,415,6.7,Tomcat AJP SSL Attack
172.16.90.34,10.0.16.78,67890,8084,2025-10-30T10:17:20Z,440,425,6.8,Tomcat JMX Attack
203.0.113.56,198.51.100.56,78901,8085,2025-10-30T10:18:35Z,450,435,6.9,Tomcat JMX SSL Attack
198.51.100.67,192.168.17.90,89012,8086,2025-10-30T10:19:50Z,460,445,7.0,Tomcat Cluster Attack
10.0.18.90,172.16.12.34,90123,8087,2025-10-30T10:20:15Z,470,455,7.1,Tomcat Cluster SSL Attack
192.168.18.12,203.0.113.78,12345,8088,2025-10-30T10:21:30Z,480,465,7.2,Tomcat Management Attack
172.16.12.56,10.0.17.90,23456,8089,2025-10-30T10:22:45Z,490,475,7.3,Tomcat Management SSL Attack
203.0.113.90,198.51.100.78,34567,8090,2025-10-30T10:23:10Z,500,485,7.4,Jetty Attack
198.51.100.89,192.168.18.34,45678,8091,2025-10-30T10:24:25Z,510,495,7.5,Jetty SSL Attack
10.0.19.34,172.16.23.45,56789,8092,2025-10-30T10:25:40Z,520,505,7.6,Jetty AJP Attack
192.168.19.56,203.0.113.34,67890,8093,2025-10-30T10:26:55Z,530,515,7.7,Jetty AJP SSL Attack
172.16.23.78,10.0.18.34,78901,8094,2025-10-30T10:27:20Z,540,525,7.8,Jetty JMX Attack
203.0.113.56,198.51.100.89,89012,8095,2025-10-30T10:28:35Z,550,535,7.9,Jetty JMX SSL Attack
198.51.100.12,192.168.19.78,90123,8096,2025-10-30T10:29:50Z,560,545,8.0,Jetty Management Attack
10.0.20.78,172.16.34.56,12345,8097,2025-10-30T10:30:15Z,570,555,8.1,Jetty Management SSL Attack
192.168.20.89,203.0.113.78,23456,8098,2025-10-30T10:31:30Z,580,565,8.2,Jetty Cluster Attack
172.16.34.90,10.0.19.78,34567,8099,2025-10-30T10:32:45Z,590,575,8.3,Jetty Cluster SSL Attack
203.0.113.90,198.51.100.34,45678,8100,2025-10-30T10:33:10Z,600,585,8.4,Resin Attack
198.51.100.45,192.168.20.12,56789,8101,2025-10-30T10:34:25Z,610,595,8.5,Resin SSL Attack
10.0.21.12,172.16.45.67,67890,8102,2025-10-30T10:35:40Z,620,605,8.6,Resin AJP Attack
192.168.21.34,203.0.113.12,78901,8103,2025-10-30T10:36:55Z,630,615,8.7,Resin AJP SSL Attack
172.16.45.89,10.0.20.34,89012,8104,2025-10-30T10:37:20Z,640,625,8.8,Resin JMX Attack
203.0.113.56,198.51.100.56,90123,8105,2025-10-30T10:38:35Z,650,635,8.9,Resin JMX SSL Attack
198.51.100.67,192.168.21.56,12345,8106,2025-10-30T10:39:50Z,660,645,9.0,Resin Management Attack
10.0.22.56,172.16.56.78,23456,8107,2025-10-30T10:40:15Z,670,655,9.1,Resin Management SSL Attack
192.168.22.67,203.0.113.78,34567,8108,2025-10-30T10:41:30Z,680,665,9.2,Resin Cluster Attack
172.16.56.90,10.0.21.56,45678,8109,2025-10-30T10:42:45Z,690,675,9.3,Resin Cluster SSL Attack
203.0.113.90,198.51.100.78,56789,8110,2025-10-30T10:43:10Z,700,685,9.4,WebLogic Attack
198.51.100.89,192.168.22.78,67890,8111,2025-10-30T10:44:25Z,710,695,9.5,WebLogic SSL Attack
10.0.23.78,172.16.67.89,78901,8112,2025-10-30T10:45:40Z,720,705,9.6,WebLogic AJP Attack
192.168.23.89,203.0.113.34,89012,8113,2025-10-30T10:46:55Z,730,715,9.7,WebLogic AJP SSL Attack
172.16.67.12,10.0.22.78,90123,8114,2025-10-30T10:47:20Z,740,725,9.8,WebLogic JMX Attack
203.0.113.56,198.51.100.89,12345,8115,2025-10-30T10:48:35Z,750,735,9.9,WebLogic JMX SSL Attack
198.51.100.12,192.168.23.90,23456,8116,2025-10-30T10:49:50Z,760,745,10.0,WebLogic Management Attack
10.0.24.90,172.16.78.90,34567,8117,2025-10-30T10:50:15Z,770,755,10.1,WebLogic Management SSL Attack
192.168.24.12,203.0.113.78,45678,8118,2025-10-30T10:51:30Z,780,765,10.2,WebLogic Cluster Attack
172.16.78.12,10.0.23.90,56789,8119,2025-10-30T10:52:45Z,790,775,10.3,WebLogic Cluster SSL Attack
203.0.113.90,198.51.100.34,67890,8120,2025-10-30T10:53:10Z,800,785,10.4,WebSphere Attack
198.51.100.45,192.168.24.34,78901,8121,2025-10-30T10:54:25Z,810,795,10.5,WebSphere SSL Attack
10.0.25.34,172.16.89.12,89012,8122,2025-10-30T10:55:40Z,820,805,10.6,WebSphere AJP Attack
192.168.25.56,203.0.113.12,90123,8123,2025-10-30T10:56:55Z,830,815,10.7,WebSphere AJP SSL Attack
172.16.89.34,10.0.24.34,12345,8124,2025-10-30T10:57:20Z,840,825,10.8,WebSphere JMX Attack
203.0.113.56,198.51.100.56,23456,8125,2025-10-30T10:58:35Z,850,835,10.9,WebSphere JMX SSL Attack
198.51.100.67,192.168.25.78,34567,8126,2025-10-30T10:59:50Z,860,845,11.0,WebSphere Management Attack
10.0.26.78,172.16.90.12,45678,8127,2025-10-30T11:00:15Z,870,855,11.1,WebSphere Management SSL Attack
192.168.26.89,203.0.113.78,56789,8128,2025-10-30T11:01:30Z,880,865,11.2,WebSphere Cluster Attack
172.16.90.34,10.0.25.78,67890,8129,2025-10-30T11:02:45Z,890,875,11.3,WebSphere Cluster SSL Attack
203.0.113.90,198.51.100.78,78901,8130,2025-10-30T11:03:10Z,900,885,11.4,JBoss Attack
198.51.100.89,192.168.26.12,89012,8131,2025-10-30T11:04:25Z,910,895,11.5,JBoss SSL Attack
10.0.27.12,172.16.12.34,90123,8132,2025-10-30T11:05:40Z,920,905,11.6,JBoss AJP Attack
192.168.27.34,203.0.113.34,12345,8133,2025-10-30T11:06:55Z,930,915,11.7,JBoss AJP SSL Attack
172.16.12.56,10.0.26.34,23456,8134,2025-10-30T11:07:20Z,940,925,11.8,JBoss JMX Attack
203.0.113.56,198.51.100.89,34567,8135,2025-10-30T11:08:35Z,950,935,11.9,JBoss JMX SSL Attack
198.51.100.12,192.168.27.56,45678,8136,2025-10-30T11:09:50Z,960,945,12.0,JBoss Management Attack
10.0.28.56,172.16.23.45,56789,8137,2025-10-30T11:10:15Z,970,955,12.1,JBoss Management SSL Attack
192.168.28.67,203.0.113.78,67890,8138,2025-10-30T11:11:30Z,980,965,12.2,JBoss Cluster Attack
172.16.23.78,10.0.27.56,78901,8139,2025-10-30T11:12:45Z,990,975,12.3,JBoss Cluster SSL Attack
203.0.113.90,198.51.100.34,89012,8140,2025-10-30T11:13:10Z,1000,985,12.4,GlassFish Attack
198.51.100.45,192.168.28.78,90123,8141,2025-10-30T11:14:25Z,1010,995,12.5,GlassFish SSL Attack
10.0.29.78,172.16.34.56,12345,8142,2025-10-30T11:15:40Z,1020,1005,12.6,GlassFish AJP Attack
192.168.29.89,203.0.113.12,23456,8143,2025-10-30T11:16:55Z,1030,1015,12.7,GlassFish AJP SSL Attack
172.16.34.90,10.0.28.78,34567,8144,2025-10-30T11:17:20Z,1040,1025,12.8,GlassFish JMX Attack
203.0.113.56,198.51.100.56,45678,8145,2025-10-30T11:18:35Z,1050,1035,12.9,GlassFish JMX SSL Attack
198.51.100.67,192.168.29.90,56789,8146,2025-10-30T11:19:50Z,1060,1045,13.0,GlassFish Management Attack
10.0.30.90,172.16.45.67,67890,8147,2025-10-30T11:20:15Z,1070,1055,13.1,GlassFish Management SSL Attack
192.168.30.12,203.0.113.78,78901,8148,2025-10-30T11:21:30Z,1080,1065,13.2,GlassFish Cluster Attack
172.16.45.89,10.0.29.90,89012,8149,2025-10-30T11:22:45Z,1090,1075,13.3,GlassFish Cluster SSL Attack
203.0.113.90,198.51.100.78,90123,8150,2025-10-30T11:23:10Z,1100,1085,13.4,Geronimo Attack
198.51.100.89,192.168.30.34,12345,8151,2025-10-30T11:24:25Z,1110,1095,13.5,Geronimo SSL Attack
10.0.31.34,172.16.56.78,23456,8152,2025-10-30T11:25:40Z,1120,1105,13.6,Geronimo AJP Attack
192.168.31.56,203.0.113.34,34567,8153,2025-10-30T11:26:55Z,1130,1115,13.7,Geronimo AJP SSL Attack
172.16.56.90,10.0.30.34,45678,8154,2025-10-30T11:27:20Z,1140,1125,13.8,Geronimo JMX Attack
203.0.113.56,198.51.100.89,56789,8155,2025-10-30T11:28:35Z,1150,1135,13.9,Geronimo JMX SSL Attack
198.51.100.12,192.168.31.78,67890,8156,2025-10-30T11:29:50Z,1160,1145,14.0,Geronimo Management Attack
10.0.32.78,172.16.67.89,78901,8157,2025-10-30T11:30:15Z,1170,1155,14.1,Geronimo Management SSL Attack
192.168.32.89,203.0.113.78,89012,8158,2025-10-30T11:31:30Z,1180,1165,14.2,Geronimo Cluster Attack
172.16.67.12,10.0.31.78,90123,8159,2025-10-30T11:32:45Z,1190,1175,14.3,Geronimo Cluster SSL Attack
203.0.113.90,198.51.100.34,12345,8160,2025-10-30T11:33:10Z,1200,1185,14.4,JonAS Attack
198.51.100.45,192.168.32.12,23456,8161,2025-10-30T11:34:25Z,1210,1195,14.5,JonAS SSL Attack
10.0.33.12,172.16.78.90,34567,8162,2025-10-30T11:35:40Z,1220,1205,14.6,JonAS AJP Attack
192.168.33.34,203.0.113.12,45678,8163,2025-10-30T11:36:55Z,1230,1215,14.7,JonAS AJP SSL Attack
172.16.78.12,10.0.32.34,56789,8164,2025-10-30T11:37:20Z,1240,1225,14.8,JonAS JMX Attack
203.0.113.56,198.51.100.56,67890,8165,2025-10-30T11:38:35Z,1250,1235,14.9,JonAS JMX SSL Attack
198.51.100.67,192.168.33.56,78901,8166,2025-10-30T11:39:50Z,1260,1245,15.0,JonAS Management Attack
10.0.34.56,172.16.89.12,89012,8167,2025-10-30T11:40:15Z,1270,1255,15.1,JonAS Management SSL Attack
192.168.34.67,203.0.113.78,90123,8168,2025-10-30T11:41:30Z,1280,1265,15.2,JonAS Cluster Attack
172.16.89.34,10.0.33.56,12345,8169,2025-10-30T11:42:45Z,1290,1275,15.3,JonAS Cluster SSL Attack
203.0.113.90,198.51.100.78,23456,8170,2025-10-30T11:43:10Z,1300,1285,15.4,Oracle OC4J Attack
198.51.100.89,192.168.34.78,34567,8171,2025-10-30T11:44:25Z,1310,1295,15.5,Oracle OC4J SSL Attack
10.0.35.78,172.16.90.12,45678,8172,2025-10-30T11:45:40Z,1320,1305,15.6,Oracle OC4J AJP Attack
192.168.35.89,203.0.113.34,56789,8173,2025-10-30T11:46:55Z,1330,1315,15.7,Oracle OC4J AJP SSL Attack
172.16.90.34,10.0.34.78,67890,8174,2025-10-30T11:47:20Z,1340,1325,15.8,Oracle OC4J JMX Attack
203.0.113.56,198.51.100.89,78901,8175,2025-10-30T11:48:35Z,1350,1335,15.9,Oracle OC4J JMX SSL Attack
198.51.100.12,192.168.35.90,89012,8176,2025-10-30T11:49:50Z,1360,1345,16.0,Oracle OC4J Management Attack
10.0.36.90,172.16.12.34,90123,8177,2025-10-30T11:50:15Z,1370,1355,16.1,Oracle OC4J Management SSL Attack
192.168.36.12,203.0.113.78,12345,8178,2025-10-30T11:51:30Z,1380,1365,16.2,Oracle OC4J Cluster Attack
172.16.12.56,10.0.35.90,23456,8179,2025-10-30T11:52:45Z,1390,1375,16.3,Oracle OC4J Cluster SSL Attack
203.0.113.90,198.51.100.34,34567,8180,2025-10-30T11:53:10Z,1400,1385,16.4,SAP NetWeaver Attack
198.51.100.45,192.168.36.34,45678,8181,2025-10-30T11:54:25Z,1410,1395,16.5,SAP NetWeaver SSL Attack
10.0.37.34,172.16.23.45,56789,8182,2025-10-30T11:55:40Z,1420,1405,16.6,SAP NetWeaver AJP Attack
192.168.37.56,203.0.113.12,67890,8183,2025-10-30T11:56:55Z,1430,1415,16.7,SAP NetWeaver AJP SSL Attack
172.16.23.78,10.0.36.34,78901,8184,2025-10-30T11:57:20Z,1440,1425,16.8,SAP NetWeaver JMX Attack
203.0.113.56,198.51.100.56,89012,8185,2025-10-30T11:58:35Z,1450,1435,16.9,SAP NetWeaver JMX SSL Attack
198.51.100.67,192.168.37.78,90123,8186,2025-10-30T11:59:50Z,1460,1445,17.0,SAP NetWeaver Management Attack
10.0.38.78,172.16.34.56,12345,8187,2025-10-30T12:00:15Z,1470,1455,17.1,SAP NetWeaver Management SSL Attack
192.168.38.89,203.0.113.78,23456,8188,2025-10-30T12:01:30Z,1480,1465,17.2,SAP NetWeaver Cluster Attack
172.16.34.90,10.0.37.78,34567,8189,2025-10-30T12:02:45Z,1490,1475,17.3,SAP NetWeaver Cluster SSL Attack
203.0.113.90,198.51.100.78,45678,8190,2025-10-30T12:03:10Z,1500,1485,17.4,IBM HTTP Server Attack
198.51.100.89,192.168.38.12,56789,8191,2025-10-30T12:04:25Z,1510,1495,17.5,IBM HTTP Server SSL Attack
10.0.39.12,172.16.45.67,67890,8192,2025-10-30T12:05:40Z,1520,1505,17.6,IBM HTTP Server AJP Attack
192.168.39.34,203.0.113.34,78901,8193,2025-10-30T12:06:55Z,1530,1515,17.7,IBM HTTP Server AJP SSL Attack
172.16.45.89,10.0.38.34,89012,8194,2025-10-30T12:07:20Z,1540,1525,17.8,IBM HTTP Server JMX Attack
203.0.113.56,198.51.100.89,90123,8195,2025-10-30T12:08:35Z,1550,1535,17.9,IBM HTTP Server JMX SSL Attack
198.51.100.12,192.168.39.56,12345,8196,2025-10-30T12:09:50Z,1560,1545,18.0,IBM HTTP Server Management Attack
10.0.40.56,172.16.56.78,23456,8197,2025-10-30T12:10:15Z,1570,1555,18.1,IBM HTTP Server Management SSL Attack
192.168.40.67,203.0.113.78,34567,8198,2025-10-30T12:11:30Z,1580,1565,18.2,IBM HTTP Server Cluster Attack
172.16.56.90,10.0.39.56,45678,8199,2025-10-30T12:12:45Z,1590,1575,18.3,IBM HTTP Server Cluster SSL Attack
203.0.113.90,198.51.100.34,56789,8200,2025-10-30T12:13:10Z,1600,1585,18.4,Apache Attack
198.51.100.45,192.168.40.78,67890,8201,2025-10-30T12:14:25Z,1610,1595,18.5,Apache SSL Attack
10.0.41.78,172.16.67.89,78901,8202,2025-10-30T12:15:40Z,1620,1605,18.6,Apache AJP Attack
192.168.41.89,203.0.113.12,89012,8203,2025-10-30T12:16:55Z,1630,1615,18.7,Apache AJP SSL Attack
172.16.67.12,10.0.40.78,90123,8204,2025-10-30T12:17:20Z,1640,1625,18.8,Apache JMX Attack
203.0.113.56,198.51.100.56,12345,8205,2025-10-30T12:18:35Z,1650,1635,18.9,Apache JMX SSL Attack
198.51.100.67,192.168.41.90,23456,8206,2025-10-30T12:19:50Z,1660,1645,19.0,Apache Management Attack
10.0.42.90,172.16.78.90,34567,8207,2025-10-30T12:20:15Z,1670,1655,19.1,Apache Management SSL Attack
192.168.42.12,203.0.113.78,45678,8208,2025-10-30T12:21:30Z,1680,1665,19.2,Apache Cluster Attack
172.16.78.12,10.0.41.90,56789,8209,2025-10-30T12:22:45Z,1690,1675,19.3,Apache Cluster SSL Attack
203.0.113.90,198.51.100.78,67890,8210,2025-10-30T12:23:10Z,1700,1685,19.4,Nginx Attack
198.51.100.89,192.168.42.34,78901,8211,2025-10-30T12:24:25Z,1710,1695,19.5,Nginx SSL Attack
10.0.43.34,172.16.89.12,89012,8212,2025-10-30T12:25:40Z,1720,1705,19.6,Nginx AJP Attack
192.168.43.56,203.0.113.34,90123,8213,2025-10-30T12:26:55Z,1730,1715,19.7,Nginx AJP SSL Attack
172.16.89.34,10.0.42.34,12345,8214,2025-10-30T12:27:20Z,1740,1725,19.8,Nginx JMX Attack
203.0.113.56,198.51.100.89,23456,8215,2025-10-30T12:28:35Z,1750,1735,19.9,Nginx JMX SSL Attack
198.51.100.12,192.168.43.78,34567,8216,2025-10-30T12:29:50Z,1760,1745,20.0,Nginx Management Attack
10.0.44.78,172.16.90.12,45678,8217,2025-10-30T12:30:15Z,1770,1755,20.1,Nginx Management SSL Attack
192.168.44.89,203.0.113.78,56789,8218,2025-10-30T12:31:30Z,1780,1765,20.2,Nginx Cluster Attack
172.16.90.34,10.0.43.78,67890,8219,2025-10-30T12:32:45Z,1790,1775,20.3,Nginx Cluster SSL Attack
203.0.113.90,198.51.100.34,78901,8220,2025-10-30T12:33:10Z,1800,1785,20.4,Lighttpd Attack
198.51.100.45,192.168.44.12,89012,8221,2025-10-30T12:34:25Z,1810,1795,20.5,Lighttpd SSL Attack
10.0.45.12,172.16.12.34,90123,8222,2025-10-30T12:35:40Z,1820,1805,20.6,Lighttpd AJP Attack
192.168.45.34,203.0.113.12,12345,8223,2025-10-30T12:36:55Z,1830,1815,20.7,Lighttpd AJP SSL Attack
172.16.12.56,10.0.44.34,23456,8224,2025-10-30T12:37:20Z,1840,1825,20.8,Lighttpd JMX Attack
203.0.113.56,198.51.100.56,34567,8225,2025-10-30T12:38:35Z,1850,1835,20.9,Lighttpd JMX SSL Attack
198.51.100.67,192.168.45.56,45678,8226,2025-10-30T12:39:50Z,1860,1845,21.0,Lighttpd Management Attack
10.0.46.56,172.16.23.45,56789,8227,2025-10-30T12:40:15Z,1870,1855,21.1,Lighttpd Management SSL Attack
192.168.46.67,203.0.113.78,67890,8228,2025-10-30T12:41:30Z,1880,1865,21.2,Lighttpd Cluster Attack
172.16.23.78,10.0.45.56,78901,8229,2025-10-30T12:42:45Z,1890,1875,21.3,Lighttpd Cluster SSL Attack
203.0.113.90,198.51.100.78,89012,8230,2025-10-30T12:43:10Z,1900,1885,21.4,Cherokee Attack
198.51.100.89,192.168.46.78,90123,8231,2025-10-30T12:44:25Z,1910,1895,21.5,Cherokee SSL Attack
10.0.47.78,172.16.34.56,12345,8232,2025-10-30T12:45:40Z,1920,1905,21.6,Cherokee AJP Attack
192.168.47.89,203.0.113.34,23456,8233,2025-10-30T12:46:55Z,1930,1915,21.7,Cherokee AJP SSL Attack
172.16.34.90,10.0.46.78,34567,8234,2025-10-30T12:47:20Z,1940,1925,21.8,Cherokee JMX Attack
203.0.113.56,198.51.100.89,45678,8235,2025-10-30T12:48:35Z,1950,1935,21.9,Cherokee JMX SSL Attack
198.51.100.12,192.168.47.90,56789,8236,2025-10-30T12:49:50Z,1960,1945,22.0,Cherokee Management Attack
10.0.48.90,172.16.45.67,67890,8237,2025-10-30T12:50:15Z,1970,1955,22.1,Cherokee Management SSL Attack
192.168.48.12,203.0.113.78,78901,8238,2025-10-30T12:51:30Z,1980,1965,22.2,Cherokee Cluster Attack
172.16.45.89,10.0.47.90,89012,8239,2025-10-30T12:52:45Z,1990,1975,22.3,Cherokee Cluster SSL Attack
203.0.113.90,198.51.100.34,90123,8240,2025-10-30T12:53:10Z,2000,1985,22.4,Gunicorn Attack
198.51.100.45,192.168.48.34,12345,8241,2025-10-30T12:54:25Z,2010,1995,22.5,Gunicorn SSL Attack
10.0.49.34,172.16.56.78,23456,8242,2025-10-30T12:55:40Z,2020,2005,22.6,Gunicorn AJP Attack
192.168.49.56,203.0.113.12,34567,8243,2025-10-30T12:56:55Z,2030,2015,22.7,Gunicorn AJP SSL Attack
172.16.56.90,10.0.48.34,45678,8244,2025-10-30T12:57:20Z,2040,2025,22.8,Gunicorn JMX Attack
203.0.113.56,198.51.100.56,56789,8245,2025-10-30T12:58:35Z,2050,2035,22.9,Gunicorn JMX SSL Attack
198.51.100.67,192.168.49.78,67890,8246,2025-10-30T12:59:50Z,2060,2045,23.0,Gunicorn Management Attack
10.0.50.78,172.16.67.89,78901,8247,2025-10-30T13:00:15Z,2070,2055,23.1,Gunicorn Management SSL Attack
192.168.50.89,203.0.113.78,89012,8248,2025-10-30T13:01:30Z,2080,2065,23.2,Gunicorn Cluster Attack
172.16.67.12,10.0.49.78,90123,8249,2025-10-30T13:02:45Z,2090,2075,23.3,Gunicorn Cluster SSL Attack
203.0.113.90,198.51.100.78,12345,8250,2025-10-30T13:03:10Z,2100,2085,23.4,uWSGI Attack
198.51.100.89,192.168.50.12,23456,8251,2025-10-30T13:04:25Z,2110,2095,23.5,uWSGI SSL Attack
10.0.51.12,172.16.78.90,34567,8252,2025-10-30T13:05:40Z,2120,2105,23.6,uWSGI AJP Attack
192.168.51.34,203.0.113.34,45678,8253,2025-10-30T13:06:55Z,2130,2115,23.7,uWSGI AJP SSL Attack
172.16.78.12,10.0.50.34,56789,8254,2025-10-30T13:07:20Z,2140,2125,23.8,uWSGI JMX Attack
203.0.113.56,198.51.100.89,67890,8255,2025-10-30T13:08:35Z,2150,2135,23.9,uWSGI JMX SSL Attack
198.51.100.12,192.168.51.56,78901,8256,2025-10-30T13:09:50Z,2160,2145,24.0,uWSGI Management Attack
10.0.52.56,172.16.89.12,89012,8257,2025-10-30T13:10:15Z,2170,2155,24.1,uWSGI Management SSL Attack
192.168.52.67,203.0.113.78,90123,8258,2025-10-30T13:11:30Z,2180,2165,24.2,uWSGI Cluster Attack
172.16.89.34,10.0.51.56,12345,8259,2025-10-30T13:12:45Z,2190,2175,24.3,uWSGI Cluster SSL Attack
203.0.113.90,198.51.100.34,23456,8260,2025-10-30T13:13:10Z,2200,2185,24.4,Waitress Attack
198.51.100.45,192.168.52.78,34567,8261,2025-10-30T13:14:25Z,2210,2195,24.5,Waitress SSL Attack
10.0.53.78,172.16.90.12,45678,8262,2025-10-30T13:15:40Z,2220,2205,24.6,Waitress AJP Attack
192.168.53.89,203.0.113.12,56789,8263,2025-10-30T13:16:55Z,2230,2215,24.7,Waitress AJP SSL Attack
172.16.90.34,10.0.52.78,67890,8264,2025-10-30T13:17:20Z,2240,2225,24.8,Waitress JMX Attack
203.0.113.56,198.51.100.56,78901,8265,2025-10-30T13:18:35Z,2250,2235,24.9,Waitress JMX SSL Attack
198.51.100.67,192.168.53.90,89012,8266,2025-10-30T13:19:50Z,2260,2245,25.0,Waitress Management Attack
10.0.54.90,172.16.12.34,90123,8267,2025-10-30T13:20:15Z,2270,2255,25.1,Waitress Management SSL Attack
192.168.54.12,203.0.113.78,12345,8268,2025-10-30T13:21:30Z,2280,2265,25.2,Waitress Cluster Attack
172.16.12.56,10.0.53.90,23456,8269,2025-10-30T13:22:45Z,2290,2275,25.3,Waitress Cluster SSL Attack
203.0.113.90,198.51.100.78,34567,8270,2025-10-30T13:23:10Z,2300,2285,25.4,Gevent Attack
198.51.100.89,192.168.54.34,45678,8271,2025-10-30T13:24:25Z,2310,2295,25.5,Gevent SSL Attack
10.0.55.34,172.16.23.45,56789,8272,2025-10-30T13:25:40Z,2320,2305,25.6,Gevent AJP Attack
192.168.55.56,203.0.113.34,67890,8273,2025-10-30T13:26:55Z,2330,2315,25.7,Gevent AJP SSL Attack
172.16.23.78,10.0.54.34,78901,8274,2025-10-30T13:27:20Z,2340,2325,25.8,Gevent JMX Attack
203.0.113.56,198.51.100.89,89012,8275,2025-10-30T13:28:35Z,2350,2335,25.9,Gevent JMX SSL Attack
198.51.100.12,192.168.55.78,90123,8276,2025-10-30T13:29:50Z,2360,2345,26.0,Gevent Management Attack
10.0.56.78,172.16.34.56,12345,8277,2025-10-30T13:30:15Z,2370,2355,26.1,Gevent Management SSL Attack
192.168.56.89,203.0.113.78,23456,8278,2025-10-30T13:31:30Z,2380,2365,26.2,Gevent Cluster Attack
172.16.34.90,10.0.55.78,34567,8279,2025-10-30T13:32:45Z,2390,2375,26.3,Gevent Cluster SSL Attack
203.0.113.90,198.51.100.34,45678,8280,2025-10-30T13:33:10Z,2400,2385,26.4,Eventlet Attack
198.51.100.45,192.168.56.12,56789,8281,2025-10-30T13:34:25Z,2410,2395,26.5,Eventlet SSL Attack
10.0.57.12,172.16.45.67,67890,8282,2025-10-30T13:35:40Z,2420,2405,26.6,Eventlet AJP Attack
192.168.57.34,203.0.113.12,78901,8283,2025-10-30T13:36:55Z,2430,2415,26.7,Eventlet AJP SSL Attack
172.16.45.89,10.0.56.34,89012,8284,2025-10-30T13:37:20Z,2440,2425,26.8,Eventlet JMX Attack
203.0.113.56,198.51.100.56,90123,8285,2025-10-30T13:38:35Z,2450,2435,26.9,Eventlet JMX SSL Attack
198.51.100.67,192.168.57.56,12345,8286,2025-10-30T13:39:50Z,2460,2445,27.0,Eventlet Management Attack
10.0.58.56,172.16.56.78,23456,8287,2025-10-30T13:40:15Z,2470,2455,27.1,Eventlet Management SSL Attack
192.168.58.67,203.0.113.78,34567,8288,2025-10-30T13:41:30Z,2480,2465,27.2,Eventlet Cluster Attack
172.16.56.90,10.0.57.56,45678,8289,2025-10-30T13:42:45Z,2490,2475,27.3,Eventlet Cluster SSL Attack
203.0.113.90,198.51.100.78,56789,8290,2025-10-30T13:43:10Z,2500,2485,27.4,Daphne Attack
198.51.100.89,192.168.58.78,67890,8291,2025-10-30T13:44:25Z,2510,2495,27.5,Daphne SSL Attack
10.0.59.78,172.16.67.89,78901,8292,2025-10-30T13:45:40Z,2520,2505,27.6,Daphne AJP Attack
192.168.59.89,203.0.113.34,89012,8293,2025-10-30T13:46:55Z,2530,2515,27.7,Daphne AJP SSL Attack
172.16.67.12,10.0.58.78,90123,8294,2025-10-30T13:47:20Z,2540,2525,27.8,Daphne JMX Attack
203.0.113.56,198.51.100.89,12345,8295,2025-10-30T13:48:35Z,2550,2535,27.9,Daphne JMX SSL Attack
198.51.100.12,192.168.59.90,23456,8296,2025-10-30T13:49:50Z,2560,2545,28.0,Daphne Management Attack
10.0.60.90,172.16.78.90,34567,8297,2025-10-30T13:50:15Z,2570,2555,28.1,Daphne Management SSL Attack
192.168.60.12,203.0.113.78,45678,8298,2025-10-30T13:51:30Z,2580,2565,28.2,Daphne Cluster Attack
172.16.78.12,10.0.59.90,56789,8299,2025-10-30T13:52:45Z,2590,2575,28.3,Daphne Cluster SSL Attack
203.0.113.90,198.51.100.34,67890,8300,2025-10-30T13:53:10Z,2600,2585,28.4,Hypercorn Attack
198.51.100.45,192.168.60.34,78901,8301,2025-10-30T13:54:25Z,2610,2595,28.5,Hypercorn SSL Attack
10.0.61.34,172.16.89.12,89012,8302,2025-10-30T13:55:40Z,2620,2605,28.6,Hypercorn AJP Attack
192.168.61.56,203.0.113.12,90123,8303,2025-10-30T13:56:55Z,2630,2615,28.7,Hypercorn AJP SSL Attack
172.16.89.34,10.0.60.34,12345,8304,2025-10-30T13:57:20Z,2640,2625,28.8,Hypercorn JMX Attack
203.0.113.56,198.51.100.56,23456,8305,2025-10-30T13:58:35Z,2650,2635,28.9,Hypercorn JMX SSL Attack
198.51.100.67,192.168.61.78,34567,8306,2025-10-30T13:59:50Z,2660,2645,29.0,Hypercorn Management Attack
10.0.62.78,172.16.90.12,45678,8307,2025-10-30T14:00:15Z,2670,2655,29.1,Hypercorn Management SSL Attack
192.168.62.89,203.0.113.78,56789,8308,2025-10-30T14:01:30Z,2680,2665,29.2,Hypercorn Cluster Attack
172.16.90.34,10.0.61.78,67890,8309,2025-10-30T14:02:45Z,2690,2675,29.3,Hypercorn Cluster SSL Attack
203.0.113.90,198.51.100.78,78901,8310,2025-10-30T14:03:10Z,2700,2685,29.4,Uvicorn Attack
198.51.100.89,192.168.62.12,89012,8311,2025-10-30T14:04:25Z,2710,2695,29.5,Uvicorn SSL Attack
10.0.63.12,172.16.12.34,90123,8312,2025-10-30T14:05:40Z,2720,2705,29.6,Uvicorn AJP Attack
192.168.63.34,203.0.113.34,12345,8313,2025-10-30T14:06:55Z,2730,2715,29.7,Uvicorn AJP SSL Attack
172.16.12.56,10.0.62.34,23456,8314,2025-10-30T14:07:20Z,2740,2725,29.8,Uvicorn JMX Attack
203.0.113.56,198.51.100.89,34567,8315,2025-10-30T14:08:35Z,2750,2735,29.9,Uvicorn JMX SSL Attack
198.51.100.12,192.168.63.56,45678,8316,2025-10-30T14:09:50Z,2760,2745,30.0,Uvicorn Management Attack
10.0.64.56,172.16.23.45,56789,8317,2025-10-30T14:10:15Z,2770,2755,30.1,Uvicorn Management SSL Attack
192.168.64.67,203.0.113.78,67890,8318,2025-10-30T14:11:30Z,2780,2765,30.2,Uvicorn Cluster Attack
172.16.23.78,10.0.63.56,78901,8319,2025-10-30T14:12:45Z,2790,2775,30.3,Uvicorn Cluster SSL Attack
203.0.113.90,198.51.100.34,89012,8320,2025-10-30T14:13:10Z,2800,2785,30.4,Meinheld Attack
198.51.100.45,192.168.64.78,90123,8321,2025-10-30T14:14:25Z,2810,2795,30.5,Meinheld SSL Attack
10.0.65.78,172.16.34.56,12345,8322,2025-10-30T14:15:40Z,2820,2805,30.6,Meinheld AJP Attack
192.168.65.89,203.0.113.12,23456,8323,2025-10-30T14:16:55Z,2830,2815,30.7,Meinheld AJP SSL Attack
172.16.34.90,10.0.64.78,34567,8324,2025-10-30T14:17:20Z,2840,2825,30.8,Meinheld JMX Attack
203.0.113.56,198.51.100.56,45678,8325,2025-10-30T14:18:35Z,2850,2835,30.9,Meinheld JMX SSL Attack
198.51.100.67,192.168.65.90,56789,8326,2025-10-30T14:19:50Z,2860,2845,31.0,Meinheld Management Attack
10.0.66.90,172.16.45.67,67890,8327,2025-10-30T14:20:15Z,2870,2855,31.1,Meinheld Management SSL Attack
192.168.66.12,203.0.113.78,78901,8328,2025-10-30T14:21:30Z,2880,2865,31.2,Meinheld Cluster Attack
172.16.45.89,10.0.65.90,89012,8329,2025-10-30T14:22:45Z,2890,2875,31.3,Meinheld Cluster SSL Attack
203.0.113.90,198.51.100.78,90123,8330,2025-10-30T14:23:10Z,2900,2885,31.4,Bjoern Attack
198.51.100.89,192.168.66.34,12345,8331,2025-10-30T14:24:25Z,2910,2895,31.5,Bjoern SSL Attack
10.0.67.34,172.16.56.78,23456,8332,2025-10-30T14:25:40Z,2920,2905,31.6,Bjoern AJP Attack
192.168.67.56,203.0.113.34,34567,8333,2025-10-30T14:26:55Z,2930,2915,31.7,Bjoern AJP SSL Attack
172.16.56.90,10.0.66.34,45678,8334,2025-10-30T14:27:20Z,2940,2925,31.8,Bjoern JMX Attack
203.0.113.56,198.51.100.89,56789,8335,2025-10-30T14:28:35Z,2950,2935,31.9,Bjoern JMX SSL Attack
198.51.100.12,192.168.67.78,67890,8336,2025-10-30T14:29:50Z,2960,2945,32.0,Bjoern Management Attack
10.0.68.78,172.16.67.89,78901,8337,2025-10-30T14:30:15Z,2970,2955,32.1,Bjoern Management SSL Attack
192.168.68.89,203.0.113.78,89012,8338,2025-10-30T14:31:30Z,2980,2965,32.2,Bjoern Cluster Attack
172.16.67.12,10.0.67.78,90123,8339,2025-10-30T14:32:45Z,2990,2975,32.3,Bjoern Cluster SSL Attack
203.0.113.90,198.51.100.34,12345,8340,2025-10-30T14:33:10Z,3000,2985,32.4,Rocket Attack
198.51.100.45,192.168.68.12,23456,8341,2025-10-30T14:34:25Z,3010,2995,32.5,Rocket SSL Attack
10.0.69.12,172.16.78.90,34567,8342,2025-10-30T14:35:40Z,3020,3005,32.6,Rocket AJP Attack
192.168.69.34,203.0.113.12,45678,8343,2025-10-30T14:36:55Z,3030,3015,32.7,Rocket AJP SSL Attack
172.16.78.12,10.0.68.34,56789,8344,2025-10-30T14:37:20Z,3040,3025,32.8,Rocket JMX Attack
203.0.113.56,198.51.100.56,67890,8345,2025-10-30T14:38:35Z,3050,3035,32.9,Rocket JMX SSL Attack
198.51.100.67,192.168.69.56,78901,8346,2025-10-30T14:39:50Z,3060,3045,33.0,Rocket Management Attack
10.0.70.56,172.16.89.12,89012,8347,2025-10-30T14:40:15Z,3070,3055,33.1,Rocket Management SSL Attack
192.168.70.67,203.0.113.78,90123,8348,2025-10-30T14:41:30Z,3080,3065,33.2,Rocket Cluster Attack
172.16.89.34,10.0.69.56,12345,8349,2025-10-30T14:42:45Z,3090,3075,33.3,Rocket Cluster SSL Attack
203.0.113.90,198.51.100.78,23456,8350,2025-10-30T14:43:10Z,3100,3085,33.4,WSGI Attack
198.51.100.89,192.168.70.78,34567,8351,2025-10-30T14:44:25Z,3110,3095,33.5,WSGI SSL Attack
10.0.71.78,172.16.90.12,45678,8352,2025-10-30T14:45:40Z,3120,3105,33.6,WSGI AJP Attack
192.168.71.89,203.0.113.34,56789,8353,2025-10-30T14:46:55Z,3130,3115,33.7,WSGI AJP SSL Attack
172.16.90.34,10.0.70.78,67890,8354,2025-10-30T14:47:20Z,3140,3125,33.8,WSGI JMX Attack
203.0.113.56,198.51.100.89,78901,8355,2025-10-30T14:48:35Z,3150,3135,33.9,WSGI JMX SSL Attack
198.51.100.12,192.168.71.90,89012,8356,2025-10-30T14:49:50Z,3160,3145,34.0,WSGI Management Attack
10.0.72.90,172.16.12.34,90123,8357,2025-10-30T14:50:15Z,3170,3155,34.1,WSGI Management SSL Attack
192.168.72.12,203.0.113.78,12345,8358,2025-10-30T14:51:30Z,3180,3165,34.2,WSGI Cluster Attack
172.16.12.56,10.0.71.90,23456,8359,2025-10-30T14:52:45Z,3190,3175,34.3,WSGI Cluster SSL Attack
203.0.113.90,198.51.100.34,34567,8360,2025-10-30T14:53:10Z,3200,3185,34.4,ASGI Attack
198.51.100.45,192.168.72.34,45678,8361,2025-10-30T14:54:25Z,3210,3195,34.5,ASGI SSL Attack
10.0.73.34,172.16.23.45,56789,8362,2025-10-30T14:55:40Z,3220,3205,34.6,ASGI AJP Attack
192.168.73.56,203.0.113.12,67890,8363,2025-10-30T14:56:55Z,3230,3215,34.7,ASGI AJP SSL Attack
172.16.23.78,10.0.72.34,78901,8364,2025-10-30T14:57:20Z,3240,3225,34.8,ASGI JMX Attack
203.0.113.56,198.51.100.56,89012,8365,2025-10-30T14:58:35Z,3250,3235,34.9,ASGI JMX SSL Attack
198.51.100.67,192.168.73.78,90123,8366,2025-10-30T14:59:50Z,3260,3245,35.0,ASGI Management Attack
10.0.74.78,172.16.34.56,12345,8367,2025-10-30T15:00:15Z,3270,3255,35.1,ASGI Management SSL Attack
192.168.74.89,203.0.113.78,23456,8368,2025-10-30T15:01:30Z,3280,3265,35.2,ASGI Cluster Attack
172.16.34.90,10.0.73.78,34567,8369,2025-10-30T15:02:45Z,3290,3275,35.3,ASGI Cluster SSL Attack
203.0.113.90,198.51.100.78,45678,8370,2025-10-30T15:03:10Z,3300,3285,35.4,FastAPI Attack
198.51.100.89,192.168.74.12,56789,8371,2025-10-30T15:04:25Z,3310,3295,35.5,FastAPI SSL Attack
10.0.75.12,172.16.45.67,67890,8372,2025-10-30T15:05:40Z,3320,3305,35.6,FastAPI AJP Attack
192.168.75.34,203.0.113.34,78901,8373,2025-10-30T15:06:55Z,3330,3315,35.7,FastAPI AJP SSL Attack
172.16.45.89,10.0.74.34,89012,8374,2025-10-30T15:07:20Z,3340,3325,35.8,FastAPI JMX Attack
203.0.113.56,198.51.100.89,90123,8375,2025-10-30T15:08:35Z,3350,3335,35.9,FastAPI JMX SSL Attack
198.51.100.12,192.168.75.56,12345,8376,2025-10-30T15:09:50Z,3360,3345,36.0,FastAPI Management Attack
10.0.76.56,172.16.56.78,23456,8377,2025-10-30T15:10:15Z,3370,3355,36.1,FastAPI Management SSL Attack
192.168.76.67,203.0.113.78,34567,8378,2025-10-30T15:11:30Z,3380,3365,36.2,FastAPI Cluster Attack
172.16.56.90,10.0.75.56,45678,8379,2025-10-30T15:12:45Z,3390,3375,36.3,FastAPI Cluster SSL Attack
203.0.113.90,198.51.100.34,56789,8380,2025-10-30T15:13:10Z,3400,3385,36.4,Flask Attack
198.51.100.45,192.168.76.78,67890,8381,2025-10-30T15:14:25Z,3410,3395,36.5,Flask SSL Attack
10.0.77.78,172.16.67.89,78901,8382,2025-10-30T15:15:40Z,3420,3405,36.6,Flask AJP Attack
192.168.77.89,203.0.113.12,89012,8383,2025-10-30T15:16:55Z,3430,3415,36.7,Flask AJP SSL Attack
172.16.67.12,10.0.76.78,90123,8384,2025-10-30T15:17:20Z,3440,3425,36.8,Flask JMX Attack
203.0.113.56,198.51.100.56,12345,8385,2025-10-30T15:18:35Z,3450,3435,36.9,Flask JMX SSL Attack
198.51.100.67,192.168.77.90,23456,8386,2025-10-30T15:19:50Z,3460,3445,37.0,Flask Management Attack
10.0.78.90,172.16.78.90,34567,8387,2025-10-30T15:20:15Z,3470,3455,37.1,Flask Management SSL Attack
192.168.78.12,203.0.113.78,45678,8388,2025-10-30T15:21:30Z,3480,3465,37.2,Flask Cluster Attack
172.16.78.12,10.0.77.90,56789,8389,2025-10-30T15:22:45Z,3490,3475,37.3,Flask Cluster SSL Attack
203.0.113.90,198.51.100.78,67890,8390,2025-10-30T15:23:10Z,3500,3485,37.4,Django Attack
198.51.100.89,192.168.78.34,78901,8391,2025-10-30T15:24:25Z,3510,3495,37.5,Django SSL Attack
10.0.79.34,172.16.89.12,89012,8392,2025-10-30T15:25:40Z,3520,3505,37.6,Django AJP Attack
192.168.79.56,203.0.113.34,90123,8393,2025-10-30T15:26:55Z,3530,3515,37.7,Django AJP SSL Attack
172.16.89.34,10.0.78.34,12345,8394,2025-10-30T15:27:20Z,3540,3525,37.8,Django JMX Attack
203.0.113.56,198.51.100.89,23456,8395,2025-10-30T15:28:35Z,3550,3535,37.9,Django JMX SSL Attack
198.51.100.12,192.168.79.78,34567,8396,2025-10-30T15:29:50Z,3560,3545,38.0,Django Management Attack
10.0.80.78,172.16.90.12,45678,8397,2025-10-30T15:30:15Z,3570,3555,38.1,Django Management SSL Attack
192.168.80.89,203.0.113.78,56789,8398,2025-10-30T15:31:30Z,3580,3565,38.2,Django Cluster Attack
172.16.90.34,10.0.79.78,67890,8399,2025-10-30T15:32:45Z,3590,3575,38.3,Django Cluster SSL Attack
203.0.113.90,198.51.100.34,78901,8400,2025-10-30T15:33:10Z,3600,3585,38.4,Pyramid Attack
198.51.100.45,192.168.80.12,89012,8401,2025-10-30T15:34:25Z,3610,3595,38.5,Pyramid SSL Attack
10.0.81.12,172.16.12.34,90123,8402,2025-10-30T15:35:40Z,3620,3605,38.6,Pyramid AJP Attack
192.168.81.34,203.0.113.12,12345,8403,2025-10-30T15:36:55Z,3630,3615,38.7,Pyramid AJP SSL Attack
172.16.12.56,10.0.80.34,23456,8404,2025-10-30T15:37:20Z,3640,3625,38.8,Pyramid JMX Attack
203.0.113.56,198.51.100.56,34567,8405,2025-10-30T15:38:35Z,3650,3635,38.9,Pyramid JMX SSL Attack
198.51.100.67,192.168.81.56,45678,8406,2025-10-30T15:39:50Z,3660,3645,39.0,Pyramid Management Attack
10.0.82.56,172.16.23.45,56789,8407,2025-10-30T15:40:15Z,3670,3655,39.1,Pyramid Management SSL Attack
192.168.82.67,203.0.113.78,67890,8408,2025-10-30T15:41:30Z,3680,3665,39.2,Pyramid Cluster Attack
172.16.23.78,10.0.81.56,78901,8409,2025-10-30T15:42:45Z,3690,3675,39.3,Pyramid Cluster SSL Attack
203.0.113.90,198.51.100.78,89012,8410,2025-10-30T15:43:10Z,3700,3685,39.4,Bottle Attack
198.51.100.89,192.168.82.78,90123,8411,2025-10-30T15:44:25Z,3710,3695,39.5,Bottle SSL Attack
10.0.83.78,172.16.34.56,12345,8412,2025-10-30T15:45:40Z,3720,3705,39.6,Bottle AJP Attack
192.168.83.89,203.0.113.34,23456,8413,2025-10-30T15:46:55Z,3730,3715,39.7,Bottle AJP SSL Attack
172.16.34.90,10.0.82.78,34567,8414,2025-10-30T15:47:20Z,3740,3725,39.8,Bottle JMX Attack
203.0.113.56,198.51.100.89,45678,8415,2025-10-30T15:48:35Z,3750,3735,39.9,Bottle JMX SSL Attack
198.51.100.12,192.168.83.90,56789,8416,2025-10-30T15:49:50Z,3760,3745,40.0,Bottle Management Attack
10.0.84.90,172.16.45.67,67890,8417,2025-10-30T15:50:15Z,3770,3755,40.1,Bottle Management SSL Attack
192.168.84.12,203.0.113.78,78901,8418,2025-10-30T15:51:30Z,3780,3765,40.2,Bottle Cluster Attack
172.16.45.89,10.0.83.90,89012,8419,2025-10-30T15:52:45Z,3790,3775,40.3,Bottle Cluster SSL Attack
203.0.113.90,198.51.100.34,90123,8420,2025-10-30T15:53:10Z,3800,3785,40.4,CherryPy Attack
198.51.100.45,192.168.84.34,12345,8421,2025-10-30T15:54:25Z,3810,3795,40.5,CherryPy SSL Attack
10.0.85.34,172.16.56.78,23456,8422,2025-10-30T15:55:40Z,3820,3805,40.6,CherryPy AJP Attack
192.168.85.56,203.0.113.12,34567,8423,2025-10-30T15:56:55Z,3830,3815,40.7,CherryPy AJP SSL Attack
172.16.56.90,10.0.84.34,45678,8424,2025-10-30T15:57:20Z,3840,3825,40.8,CherryPy JMX Attack
203.0.113.56,198.51.100.56,56789,8425,2025-10-30T15:58:35Z,3850,3835,40.9,CherryPy JMX SSL Attack
198.51.100.67,192.168.85.78,67890,8426,2025-10-30T15:59:50Z,3860,3845,41.0,CherryPy Management Attack
10.0.86.78,172.16.67.89,78901,8427,2025-10-30T16:00:15Z,3870,3855,41.1,CherryPy Management SSL Attack
192.168.86.89,203.0.113.78,89012,8428,2025-10-30T16:01:30Z,3880,3865,41.2,CherryPy Cluster Attack
172.16.67.12,10.0.85.78,90123,8429,2025-10-30T16:02:45Z,3890,3875,41.3,CherryPy Cluster SSL Attack
203.0.113.90,198.51.100.78,12345,8430,2025-10-30T16:03:10Z,3900,3885,41.4,Tornado Attack
198.51.100.89,192.168.86.12,23456,8431,2025-10-30T16:04:25Z,3910,3895,41.5,Tornado SSL Attack
10.0.87.12,172.16.78.90,34567,8432,2025-10-30T16:05:40Z,3920,3905,41.6,Tornado AJP Attack
192.168.87.34,203.0.113.34,45678,8433,2025-10-30T16:06:55Z,3930,3915,41.7,Tornado AJP SSL Attack
172.16.78.12,10.0.86.34,56789,8434,2025-10-30T16:07:20Z,3940,3925,41.8,Tornado JMX Attack
203.0.113.56,198.51.100.89,67890,8435,2025-10-30T16:08:35Z,3950,3935,41.9,Tornado JMX SSL Attack
198.51.100.12,192.168.87.56,78901,8436,2025-10-30T16:09:50Z,3960,3945,42.0,Tornado Management Attack
10.0.88.56,172.16.89.12,89012,8437,2025-10-30T16:10:15Z,3970,3955,42.1,Tornado Management SSL Attack
192.168.88.67,203.0.113.78,90123,8438,2025-10-30T16:11:30Z,3980,3965,42.2,Tornado Cluster Attack
172.16.89.34,10.0.87.56,12345,8439,2025-10-30T16:12:45Z,3990,3975,42.3,Tornado Cluster SSL Attack
203.0.113.90,198.51.100.34,23456,8440,2025-10-30T16:13:10Z,4000,3985,42.4,Web2py Attack
198.51.100.45,192.168.88.78,34567,8441,2025-10-30T16:14:25Z,4010,3995,42.5,Web2py SSL Attack
10.0.89.78,172.16.90.12,45678,8442,2025-10-30T16:15:40Z,4020,4005,42.6,Web2py AJP Attack
192.168.89.89,203.0.113.12,56789,8443,2025-10-30T16:16:55Z,4030,4015,42.7,Web2py AJP SSL Attack
172.16.90.34,10.0.88.78,67890,8444,2025-10-30T16:17:20Z,4040,4025,42.8,Web2py JMX Attack
203.0.113.56,198.51.100.56,78901,8445,2025-10-30T16:18:35Z,4050,4035,42.9,Web2py JMX SSL Attack
198.51.100.67,192.168.89.90,89012,8446,2025-10-30T16:19:50Z,4060,4045,43.0,Web2py Management Attack
10.0.90.90,172.16.12.34,90123,8447,2025-10-30T16:20:15Z,4070,4055,43.1,Web2py Management SSL Attack
192.168.90.12,203.0.113.78,12345,8448,2025-10-30T16:21:30Z,4080,4065,43.2,Web2py Cluster Attack
172.16.12.56,10.0.89.90,23456,8449,2025-10-30T16:22:45Z,4090,4075,43.3,Web2py Cluster SSL Attack
203.0.113.90,198.51.100.78,34567,8450,2025-10-30T16:23:10Z,4100,4085,43.4,Falcon Attack
198.51.100.89,192.168.90.34,45678,8451,2025-10-30T16:24:25Z,4110,4095,43.5,Falcon SSL Attack
10.0.91.34,172.16.23.45,56789,8452,2025-10-30T16:25:40Z,4120,4105,43.6,Falcon AJP Attack
192.168.91.56,203.0.113.34,67890,8453,2025-10-30T16:26:55Z,4130,4115,43.7,Falcon AJP SSL Attack
172.16.23.78,10.0.90.34,78901,8454,2025-10-30T16:27:20Z,4140,4125,43.8,Falcon JMX Attack
203.0.113.56,198.51.100.89,89012,8455,2025-10-30T16:28:35Z,4150,4135,43.9,Falcon JMX SSL Attack
198.51.100.12,192.168.91.78,90123,8456,2025-10-30T16:29:50Z,4160,4145,44.0,Falcon Management Attack
10.0.92.78,172.16.34.56,12345,8457,2025-10-30T16:30:15Z,4170,4155,44.1,Falcon Management SSL Attack
192.168.92.89,203.0.113.78,23456,8458,2025-10-30T16:31:30Z,4180,4165,44.2,Falcon Cluster Attack
172.16.34.90,10.0.91.78,34567,8459,2025-10-30T16:32:45Z,4190,4175,44.3,Falcon Cluster SSL Attack
203.0.113.90,198.51.100.34,45678,8460,2025-10-30T16:33:10Z,4200,4185,44.4,Hug Attack
198.51.100.45,192.168.92.12,56789,8461,2025-10-30T16:34:25Z,4210,4195,44.5,Hug SSL Attack
10.0.93.12,172.16.45.67,67890,8462,2025-10-30T16:35:40Z,4220,4205,44.6,Hug AJP Attack
192.168.93.34,203.0.113.12,78901,8463,2025-10-30T16:36:55Z,4230,4215,44.7,Hug AJP SSL Attack
172.16.45.89,10.0.92.34,89012,8464,2025-10-30T16:37:20Z,4240,4225,44.8,Hug JMX Attack
203.0.113.56,198.51.100.56,90123,8465,2025-10-30T16:38:35Z,4250,4235,44.9,Hug JMX SSL Attack
198.51.100.67,192.168.93.56,12345,8466,2025-10-30T16:39:50Z,4260,4245,45.0,Hug Management Attack
10.0.94.56,172.16.56.78,23456,8467,2025-10-30T16:40:15Z,4270,4255,45.1,Hug Management SSL Attack
192.168.94.67,203.0.113.78,34567,8468,2025-10-30T16:41:30Z,4280,4265,45.2,Hug Cluster Attack
172.16.56.90,10.0.93.56,45678,8469,2025-10-30T16:42:45Z,4290,4275,45.3,Hug Cluster SSL Attack
203.0.113.90,198.51.100.78,56789,8470,2025-10-30T16:43:10Z,4300,4285,45.4,Sanic Attack
198.51.100.89,192.168.94.78,67890,8471,2025-10-30T16:44:25Z,4310,4295,45.5,Sanic SSL Attack
10.0.95.78,172.16.67.89,78901,8472,2025-10-30T16:45:40Z,4320,4305,45.6,Sanic AJP Attack
192.168.95.89,203.0.113.34,89012,8473,2025-10-30T16:46:55Z,4330,4315,45.7,Sanic AJP SSL Attack
172.16.67.12,10.0.94.78,90123,8474,2025-10-30T16:47:20Z,4340,4325,45.8,Sanic JMX Attack
203.0.113.56,198.51.100.89,12345,8475,2025-10-30T16:48:35Z,4350,4335,45.9,Sanic JMX SSL Attack
198.51.100.12,192.168.95.90,23456,8476,2025-10-30T16:49:50Z,4360,4345,46.0,Sanic Management Attack
10.0.96.90,172.16.78.90,34567,8477,2025-10-30T16:50:15Z,4370,4355,46.1,Sanic Management SSL Attack
192.168.96.12,203.0.113.78,45678,8478,2025-10-30T16:51:30Z,4380,4365,46.2,Sanic Cluster Attack
172.16.78.12,10.0.95.90,56789,8479,2025-10-30T16:52:45Z,4390,4375,46.3,Sanic Cluster SSL Attack
203.0.113.90,198.51.100.34,67890,8480,2025-10-30T16:53:10Z,4400,4385,46.4,Quart Attack
198.51.100.45,192.168.96.34,78901,8481,2025-10-30T16:54:25Z,4410,4395,46.5,Quart SSL Attack
10.0.97.34,172.16.89.12,89012,8482,2025-10-30T16:55:40Z,4420,4405,46.6,Quart AJP Attack
192.168.97.56,203.0.113.12,90123,8483,2025-10-30T16:56:55Z,4430,4415,46.7,Quart AJP SSL Attack
172.16.89.34,10.0.96.34,12345,8484,2025-10-30T16:57:20Z,4440,4425,46.8,Quart JMX Attack
203.0.113.56,198.51.100.56,23456,8485,2025-10-30T16:58:35Z,4450,4435,46.9,Quart JMX SSL Attack
198.51.100.67,192.168.97.78,34567,8486,2025-10-30T16:59:50Z,4460,4445,47.0,Quart Management Attack
10.0.98.78,172.16.90.12,45678,8487,2025-10-30T17:00:15Z,4470,4455,47.1,Quart Management SSL Attack
192.168.98.89,203.0.113.78,56789,8488,2025-10-30T17:01:30Z,4480,4465,47.2,Quart Cluster Attack
172.16.90.34,10.0.97.78,67890,8489,2025-10-30T17:02:45Z,4490,4475,47.3,Quart Cluster SSL Attack
203.0.113.90,198.51.100.78,78901,8490,2025-10-30T17:03:10Z,4500,4485,47.4,Starlette Attack
198.51.100.89,192.168.98.12,89012,8491,2025-10-30T17:04:25Z,4510,4495,47.5,Starlette SSL Attack
10.0.99.12,172.16.12.34,90123,8492,2025-10-30T17:05:40Z,4520,4505,47.6,Starlette AJP Attack
192.168.99.34,203.0.113.34,12345,8493,2025-10-30T17:06:55Z,4530,4515,47.7,Starlette AJP SSL Attack
172.16.12.56,10.0.98.34,23456,8494,2025-10-30T17:07:20Z,4540,4525,47.8,Starlette JMX Attack
203.0.113.56,198.51.100.89,34567,8495,2025-10-30T17:08:35Z,4550,4535,47.9,Starlette JMX SSL Attack
198.51.100.12,192.168.99.56,45678,8496,2025-10-30T17:09:50Z,4560,4545,48.0,Starlette Management Attack
10.1.0.56,172.16.23.45,56789,8497,2025-10-30T17:10:15Z,4570,4555,48.1,Starlette Management SSL Attack
192.169.0.67,203.0.113.78,67890,8498,2025-10-30T17:11:30Z,4580,4565,48.2,Starlette Cluster Attack
172.16.23.78,10.0.99.56,78901,8499,2025-10-30T17:12:45Z,4590,4575,48.3,Starlette Cluster SSL Attack